"","code","family","genus","specificEpithet","life_form","scientificName","scientificName2","scientifiNameV"
"1","Abarsp","Fabaceae","Abarema","sp","tree","Abarema sp","Abarema sp","Abarema"
"2","Acaldive","Euphorbiaceae","Acalypha","diversifolia","shrub","Acalypha diversifolia","Acalypha diversifolia","Acalypha diversifolia"
"3","Acalmacr","Euphorbiaceae","Acalypha","macrostachya","tree","Acalypha macrostachya","Acalypha macrostachya","Acalypha macrostachya"
"4","Acalsp","Euphorbiaceae","Acalypha","sp","shrub","Acalypha sp","Acalypha sp","Acalypha"
"5","Acantetr","Cactaceae","Acanthocereus","tetragonus","cactus","Acanthocereus tetragonus","Acanthocereus tetragonus","Acanthocereus tetragonus"
"6","Achanigr","Achatocarpaceae","Achatocarpus","nigricans","treelet","Achatocarpus nigricans","Achatocarpus nigricans","Achatocarpus nigricans"
"7","Adenaspe","Bignoniaceae","Adenocalymma","aspericarpum","liana","Adenocalymma aspericarpum","Adenocalymma aspericarpum","Adenocalymma aspericarpum"
"8","Aegiinte","Lamiaceae","Aegiphila","integrifolia","shrub","Aegiphila integrifolia","Aegiphila integrifolia","Aegiphila integrifolia"
"9","Aegisp","Lamiaceae","Aegiphila","sp","shrub","Aegiphila sp","Aegiphila sp","Aegiphila"
"10","Aegisp1","Lamiaceae","Aegiphila","sp1","tree","Aegiphila sp1","Aegiphila sp","Aegiphila"
"11","Agonbras","Opiliaceae","Agonandra","brasiliensis","tree","Agonandra brasiliensis","Agonandra brasiliensis","Agonandra brasiliensis"
"12","Aiousp","Lauraceae","Aiouea","sp","tree","Aiouea sp","Aiouea sp","Aiouea"
"13","Aiphhorr","Arecaceae","Aiphanes","horrida","palm","Aiphanes horrida","Aiphanes horrida","Aiphanes horrida"
"14","Albicarb","Fabaceae","Albizia","carbonaria","tree","Albizia carbonaria","Albizia carbonaria","Albizia carbonaria"
"15","Albiniop","Fabaceae","Albizia","niopoides","tree","Albizia niopoides","Albizia niopoides","Albizia niopoides"
"16","Albisp","Fabaceae","Albizia","sp","treelet","Albizia sp","Albizia sp","Albizia"
"17","Albisp1","Fabaceae","Albizia","sp1","tree","Albizia sp1","Albizia sp","Albizia"
"18","Albisp2","Fabaceae","Albizia","sp2","tree","Albizia sp2","Albizia sp","Albizia"
"19","Alibsp","Rubiaceae","Alibertia","sp","tree","Alibertia sp","Alibertia sp","Alibertia"
"20","Alloniti","Sapindaceae","Allophylus","nitidulus","tree","Allophylus nitidulus","Allophylus nitidulus","Allophylus nitidulus"
"21","Allorace","Sapindaceae","Allophylus","racemosus","tree","Allophylus racemosus","Allophylus racemosus","Allophylus racemosus"
"22","Allosp","Sapindaceae","Allophylus","sp","tree","Allophylus sp","Allophylus sp","Allophylus"
"23","Alseblac","Rubiaceae","Alseis","blackiana","tree","Alseis blackiana","Alseis blackiana","Alseis blackiana"
"24","Amaicory","Rubiaceae","Amaioua","corymbosa","tree","Amaioua corymbosa","Amaioua corymbosa","Amaioua corymbosa"
"25","Amanguia","Phyllanthaceae","Amanoa","guianensis","tree","Amanoa guianensis","Amanoa guianensis","Amanoa guianensis"
"26","Ampemacp","Ulmaceae","Ampelocera","macphersonii","tree","Ampelocera macphersonii","Ampelocera macphersonii","Ampelocera macphersonii"
"27","Ampesp1","Ulmaceae","Ampelocera","sp1","tree","Ampelocera sp1","Ampelocera sp","Ampelocera"
"28","Amphpani","Bignoniaceae","Amphilophium","paniculatum","liana","Amphilophium paniculatum","Amphilophium paniculatum","Amphilophium paniculatum"
"29","Amyrpinn","Rutaceae","Amyris","pinnata","tree","Amyris pinnata","Amyris pinnata","Amyris pinnata"
"30","Anacexce","Anacardiaceae","Anacardium","excelsum","tree","Anacardium excelsum","Anacardium excelsum","Anacardium excelsum"
"31","Anemsp","Bignoniaceae","Anemopaegma","sp","liana","Anemopaegma sp","Anemopaegma sp","Anemopaegma"
"32","Annojahn","Annonaceae","Annona","jahnii","tree","Annona jahnii","Annona jahnii","Annona jahnii"
"33","Annomuri","Annonaceae","Annona","muricata","tree","Annona muricata","Annona muricata","Annona muricata"
"34","Annoneov","Annonaceae","Annona","neovelutina","tree","Annona neovelutina","Annona neovelutina","Annona neovelutina"
"35","Annorens","Annonaceae","Annona","rensoniana","tree","Annona rensoniana","Annona rensoniana","Annona rensoniana"
"36","Anreflor","Basellaceae","Anredera","floribunda","liana","Anredera floribunda","Anredera floribunda","Anredera floribunda"
"37","Apeischo","Malvaceae","Apeiba","schomburgkii","tree","Apeiba schomburgkii","Apeiba schomburgkii","Apeiba schomburgkii"
"38","Apeitibo","Malvaceae","Apeiba","tibourbou","tree","Apeiba tibourbou","Apeiba tibourbou","Apeiba tibourbou"
"39","Aphescab","Acanthaceae","Aphelandra","scabra","shrub","Aphelandra scabra","Aphelandra scabra","Aphelandra scabra"
"40","Aralexce","Araliaceae","Aralia","excelsa","treelet","Aralia excelsa","Aralia excelsa","Aralia excelsa"
"41","Ardifoet","Primulaceae","Ardisia","foetida","shrub","Ardisia foetida","Ardisia foetida","Ardisia foetida"
"42","Arismaxi","Aristolochiaceae","Aristolochia","maxima","liana","Aristolochia maxima","Aristolochia maxima","Aristolochia maxima"
"43","Arissp","Aristolochiaceae","Aristolochia","sp","liana","Aristolochia sp","Aristolochia sp","Aristolochia"
"44","Arrasp","Bignoniaceae","Arrabidaea","sp","liana","Arrabidaea sp","Arrabidaea sp","Arrabidaea"
"45","Asclsp","Apocynaceae","Asclepias","sp","forb","Asclepias sp","Asclepias sp","Asclepias"
"46","Aspicusp","Apocynaceae","Aspidosperma","cuspa","tree","Aspidosperma cuspa","Aspidosperma cuspa","Aspidosperma cuspa"
"47","Aspipoly","Apocynaceae","Aspidosperma","polyneuron","tree","Aspidosperma polyneuron","Aspidosperma polyneuron","Aspidosperma polyneuron"
"48","Aspisp","Apocynaceae","Aspidosperma","sp","tree","Aspidosperma sp","Aspidosperma sp","Aspidosperma"
"49","Aspisp1","Apocynaceae","Aspidosperma","sp1","tree","Aspidosperma sp1","Aspidosperma sp","Aspidosperma"
"50","Astrgrav","Anacardiaceae","Astronium","graveolens","tree","Astronium graveolens","Astronium graveolens","Astronium graveolens"
"51","Attabuty","Arecaceae","Attalea","butyracea","palm","Attalea butyracea","Attalea butyracea","Attalea butyracea"
"52","Attamicr","Arecaceae","Attalea","microcarpa","palm","Attalea microcarpa","Attalea microcarpa","Attalea microcarpa"
"53","Bactbide","Arecaceae","Bactris","bidentula","palm","Bactris bidentula","Bactris bidentula","Bactris bidentula"
"54","Bactpilo","Arecaceae","Bactris","pilosa","palm","Bactris pilosa","Bactris pilosa","Bactris pilosa"
"55","Bactsp","Arecaceae","Bactris","sp","palm","Bactris sp","Bactris sp","Bactris"
"56","Banaargu","Salicaceae","Banara","arguta","shrub","Banara arguta","Banara arguta","Banara arguta"
"57","Banaibag","Salicaceae","Banara","ibaguensis","shrub","Banara ibaguensis","Banara ibaguensis","Banara ibaguensis"
"58","Bauhglab","Fabaceae","Bauhinia","glabra","liana","Bauhinia glabra","Bauhinia glabra","Bauhinia glabra"
"59","Bauhhyme","Fabaceae","Bauhinia","hymenaeifolia","liana","Bauhinia hymenaeifolia","Bauhinia hymenaeifolia","Bauhinia hymenaeifolia"
"60","Bauhpeti","Fabaceae","Bauhinia","petiolata","treelet","Bauhinia petiolata","Bauhinia petiolata","Bauhinia petiolata"
"61","Belenemo","Capparaceae","Belencita","nemorosa","shrub","Belencita nemorosa","Belencita nemorosa","Belencita nemorosa"
"62","Bentsp","Fabaceae","Bentamantha","sp","tree","Bentamantha sp","Bentamantha sp",NA
"63","Bertangu","Rubiaceae","Bertiera","angustifolia","tree","Bertiera angustifolia","Bertiera angustifolia","Bertiera angustifolia"
"64","Bignaequ","Bignoniaceae","Bignonia","aequinoctialis","liana","Bignonia aequinoctialis","Bignonia aequinoctialis","Bignonia aequinoctialis"
"65","Bignpter","Bignoniaceae","Bignonia","pterocalyx","liana","Bignonia pterocalyx","Bignonia pterocalyx","Bignonia pterocalyx"
"66","Bignsp","Bignoniaceae","Bignonia","sp","liana","Bignonia sp","Bignonia sp","Bignonia"
"67","Bonefrut","Primulaceae","Bonellia","frutescens","shrub","Bonellia frutescens","Bonellia frutescens","Bonellia frutescens"
"68","Bourcuma","Boraginaceae","Bourreria","cumanensis","tree","Bourreria cumanensis","Bourreria cumanensis","Bourreria cumanensis"
"69","Broncorn","Malpighiaceae","Bronwenia","cornifolia","liana","Bronwenia cornifolia","Bronwenia cornifolia","Bronwenia cornifolia"
"70","Brosalic","Moraceae","Brosimum","alicastrum","tree","Brosimum alicastrum","Brosimum alicastrum","Brosimum alicastrum"
"71","Brosguia","Moraceae","Brosimum","guianense","tree","Brosimum guianense","Brosimum guianense","Brosimum guianense"
"72","Brossp","Moraceae","Brosimum","sp","tree","Brosimum sp","Brosimum sp","Brosimum"
"73","Browariz","Fabaceae","Brownea","ariza","tree","Brownea ariza","Brownea ariza","Brownea ariza"
"74","Bulnarbo","Zygophyllaceae","Bulnesia","arborea","tree","Bulnesia arborea","Bulnesia arborea","Bulnesia arborea"
"75","Buncarme","Malpighiaceae","Bunchosia","armeniaca","tree","Bunchosia armeniaca","Bunchosia armeniaca","Bunchosia armeniaca"
"76","Buncdiph","Malpighiaceae","Bunchosia","diphylla","shrub","Bunchosia diphylla","Bunchosia diphylla","Bunchosia diphylla"
"77","Buncodor","Malpighiaceae","Bunchosia","odorata","shrub","Bunchosia odorata","Bunchosia odorata","Bunchosia odorata"
"78","Buncpseu","Malpighiaceae","Bunchosia","pseudonitida","tree","Bunchosia pseudonitida","Bunchosia pseudonitida","Bunchosia pseudonitida"
"79","Buncsp","Malpighiaceae","Bunchosia","sp","shrub","Bunchosia sp","Bunchosia sp","Bunchosia"
"80","Buncsp2","Malpighiaceae","Bunchosia","sp2","liana","Bunchosia sp2","Bunchosia sp","Bunchosia"
"81","Bursgrav","Burseraceae","Bursera","graveolens","tree","Bursera graveolens","Bursera graveolens","Bursera graveolens"
"82","Burssima","Burseraceae","Bursera","simaruba","tree","Bursera simaruba","Bursera simaruba","Bursera simaruba"
"83","Burstome","Burseraceae","Bursera","tomentosa","tree","Bursera tomentosa","Bursera tomentosa","Bursera tomentosa"
"84","Caescass","Fabaceae","Caesalpinia","cassioides","shrub","Caesalpinia cassioides","Caesalpinia cassioides","Caesalpinia cassioides"
"85","Caescori","Fabaceae","Caesalpinia","coriaria","treelet","Caesalpinia coriaria","Caesalpinia coriaria","Caesalpinia coriaria"
"86","Caeseban","Fabaceae","Caesalpinia","ebano","tree","Caesalpinia ebano","Caesalpinia ebano","Caesalpinia ebano"
"87","Caespunc","Fabaceae","Caesalpinia","punctata","tree","Caesalpinia punctata","Caesalpinia punctata","Caesalpinia punctata"
"88","Caessp","Fabaceae","Caesalpinia","sp","tree","Caesalpinia sp","Caesalpinia sp","Caesalpinia"
"89","Callacum","Lamiaceae","Callicarpa","acuminata","treelet","Callicarpa acuminata","Callicarpa acuminata","Callicarpa acuminata"
"90","Calllati","Bignoniaceae","Callichlamys","latifolia","liana","Callichlamys latifolia","Callichlamys latifolia","Callichlamys latifolia"
"91","Callmagd","Fabaceae","Calliandra","magdalenae","tree","Calliandra magdalenae","Calliandra magdalenae","Calliandra magdalenae"
"92","Calobras","Calophyllaceae","Calophyllum","brasiliense","tree","Calophyllum brasiliense","Calophyllum brasiliense","Calophyllum brasiliense"
"93","Calycand","Rubiaceae","Calycophyllum","candidissimum","tree","Calycophyllum candidissimum","Calycophyllum candidissimum","Calycophyllum candidissimum"
"94","Calymeri","Myrtaceae","Calyptranthes","meridensis","tree","Calyptranthes meridensis","Calyptranthes meridensis","Calyptranthes meridensis"
"95","Calymult","Myrtaceae","Calyptranthes","multiflora","tree","Calyptranthes multiflora","Calyptranthes multiflora","Calyptranthes multiflora"
"96","Calyspec","Myrtaceae","Calyptranthes","speciosa","tree","Calyptranthes speciosa","Calyptranthes speciosa","Calyptranthes speciosa"
"97","Cappfron","Capparaceae","Capparidastrum","frondosum","tree","Capparidastrum frondosum","Capparidastrum frondosum","Capparidastrum frondosum"
"98","Capppach","Capparaceae","Capparidastrum","pachaca","tree","Capparidastrum pachaca","Capparidastrum pachaca","Capparidastrum pachaca"
"99","Cappsola","Capparaceae","Capparidastrum","sola","tree","Capparidastrum sola","Capparidastrum sola","Capparidastrum sola"
"100","Cappsp2","Capparaceae","Capparis","sp2","tree","Capparis sp2","Capparis sp","Capparis"
"101","Capptenu","Capparaceae","Capparidastrum","tenuisiliquum","tree","Capparidastrum tenuisiliquum","Capparidastrum tenuisiliquum","Capparidastrum tenuisiliquum"
"102","Caseacul","Salicaceae","Casearia","aculeata","tree","Casearia aculeata","Casearia aculeata","Casearia aculeata"
"103","Casecory","Salicaceae","Casearia","corymbosa","tree","Casearia corymbosa","Casearia corymbosa","Casearia corymbosa"
"104","Caseprae","Salicaceae","Casearia","praecox","tree","Casearia praecox","Casearia praecox","Casearia praecox"
"105","Casesp1","Salicaceae","Casearia","sp1","tree","Casearia sp1","Casearia sp","Casearia"
"106","Casesp2","Salicaceae","Casearia","sp2","tree","Casearia sp2","Casearia sp","Casearia"
"107","Casesp4","Salicaceae","Casearia","sp4","tree","Casearia sp4","Casearia sp","Casearia"
"108","Casesp6","Salicaceae","Casearia","sp6","tree","Casearia sp6","Casearia sp","Casearia"
"109","Casesylv","Salicaceae","Casearia","sylvestris","tree","Casearia sylvestris","Casearia sylvestris","Casearia sylvestris"
"110","Casetrem","Salicaceae","Casearia","tremula","treelet","Casearia tremula","Casearia tremula","Casearia tremula"
"111","Caseulmi","Salicaceae","Casearia","ulmifolia","tree","Casearia ulmifolia","Casearia ulmifolia","Casearia ulmifolia"
"112","Casezizy","Salicaceae","Casearia","zizyphoides","treelet","Casearia zizyphoides","Casearia zizyphoides","Casearia zizyphoides"
"113","Casssp","Fabaceae","Cassia","sp","tree","Cassia sp","Cassia sp","Cassia"
"114","Castelas","Moraceae","Castilla","elastica","tree","Castilla elastica","Castilla elastica","Castilla elastica"
"115","Cavaplat","Malvaceae","Cavanillesia","platanifolia","tree","Cavanillesia platanifolia","Cavanillesia platanifolia","Cavanillesia platanifolia"
"116","Cecrpelt","Urticaceae","Cecropia","peltata","tree","Cecropia peltata","Cecropia peltata","Cecropia peltata"
"117","Cedrodor","Meliaceae","Cedrela","odorata","tree","Cedrela odorata","Cedrela odorata","Cedrela odorata"
"118","Ceibpent","Malvaceae","Ceiba","pentandra","tree","Ceiba pentandra","Ceiba pentandra","Ceiba pentandra"
"119","Celtigua","Cannabaceae","Celtis","iguanaea","liana","Celtis iguanaea","Celtis iguanaea","Celtis iguanaea"
"120","Cerehexa","Cactaceae","Cereus","hexagonus","cactus","Cereus hexagonus","Cereus hexagonus","Cereus hexagonus"
"121","Cestschl","Solanaceae","Cestrum","schlechtendalii","shrub","Cestrum schlechtendalii","Cestrum schlechtendalii","Cestrum schlechtendalii"
"122","Cestsp1","Solanaceae","Cestrum","sp1","tree","Cestrum sp1","Cestrum sp","Cestrum"
"123","Cheisp","Celastraceae","Cheiloclinium","sp","liana","Cheiloclinium sp","Cheiloclinium sp","Cheiloclinium"
"124","Chioalba","Rubiaceae","Chiococca","alba","shrub","Chiococca alba","Chiococca alba","Chiococca alba"
"125","Chiosp","Rubiaceae","Chiococca","sp","shrub","Chiococca sp","Chiococca sp","Chiococca"
"126","Chlomang","Fabaceae","Chloroleucon","mangense","tree","Chloroleucon mangense","Chloroleucon mangense","Chloroleucon mangense"
"127","Chomspin","Rubiaceae","Chomelia","spinosa","treelet","Chomelia spinosa","Chomelia spinosa","Chomelia spinosa"
"128","Chroperg","Asteraceae","Chromolaena","perglabra","shrub","Chromolaena perglabra","Chromolaena perglabra","Chromolaena perglabra"
"129","Chrycain","Sapotaceae","Chrysophyllum","cainito","tree","Chrysophyllum cainito","Chrysophyllum cainito","Chrysophyllum cainito"
"130","Cisssp","Vitaceae","Cissus","sp","liana","Cissus sp","Cissus sp","Cissus"
"131","Cissvert","Vitaceae","Cissus","verticillata","liana","Cissus verticillata","Cissus verticillata","Cissus verticillata"
"132","Cithkunt","Verbenaceae","Citharexylum","kunthianum","treelet","Citharexylum kunthianum","Citharexylum kunthianum","Citharexylum kunthianum"
"133","Clarbifl","Moraceae","Clarisia","biflora","tree","Clarisia biflora","Clarisia biflora","Clarisia biflora"
"134","Clarrace","Moraceae","Clarisia","racemosa","tree","Clarisia racemosa","Clarisia racemosa","Clarisia racemosa"
"135","Clatmacr","Fabaceae","Clathrotropis","macrocarpa","tree","Clathrotropis macrocarpa","Clathrotropis macrocarpa","Clathrotropis macrocarpa"
"136","Clavspat","Primulaceae","Clavija","spathulata","tree","Clavija spathulata","Clavija spathulata","Clavija spathulata"
"137","Clitdend","Fabaceae","Clitoria","dendrina","shrub","Clitoria dendrina","Clitoria dendrina","Clitoria dendrina"
"138","Clusgran","Clusiaceae","Clusia","grandiflora","tree","Clusia grandiflora","Clusia grandiflora","Clusia grandiflora"
"139","Clusumbe","Clusiaceae","Clusia","umbellata","tree","Clusia umbellata","Clusia umbellata","Clusia"
"140","Coccacum","Polygonaceae","Coccoloba","acuminata","treelet","Coccoloba acuminata","Coccoloba acuminata","Coccoloba acuminata"
"141","Cocccara","Polygonaceae","Coccoloba","caracasana","tree","Coccoloba caracasana","Coccoloba caracasana","Coccoloba caracasana"
"142","Coccdens","Polygonaceae","Coccoloba","densifrons","tree","Coccoloba densifrons","Coccoloba densifrons","Coccoloba densifrons"
"143","Coccobov","Polygonaceae","Coccoloba","obovata","tree","Coccoloba obovata","Coccoloba obovata","Coccoloba obovata"
"144","Coccobtu","Polygonaceae","Coccoloba","obtusifolia","tree","Coccoloba obtusifolia","Coccoloba obtusifolia","Coccoloba obtusifolia"
"145","Coccpadi","Polygonaceae","Coccoloba","padiformis","tree","Coccoloba padiformis","Coccoloba padiformis","Coccoloba padiformis"
"146","Coccsp","Polygonaceae","Coccoloba","sp","tree","Coccoloba sp","Coccoloba sp","Coccoloba"
"147","Coccsp1","Polygonaceae","Coccoloba","sp1","tree","Coccoloba sp1","Coccoloba sp","Coccoloba"
"148","Coccsp2","Polygonaceae","Coccoloba","sp2","tree","Coccoloba sp2","Coccoloba sp","Coccoloba"
"149","Coccsp4","Polygonaceae","Coccoloba","sp4","shrub","Coccoloba sp4","Coccoloba sp","Coccoloba"
"150","Cochorin","Bixaceae","Cochlospermum","orinocense","tree","Cochlospermum orinocense","Cochlospermum orinocense","Cochlospermum orinocense"
"151","Coffarab","Rubiaceae","Coffea","arabica","shrub","Coffea arabica","Coffea arabica","Coffea arabica"
"152","Combacul","Combretaceae","Combretum","aculeatum","liana","Combretum aculeatum","Combretum aculeatum","Combretum aculeatum"
"153","Combfrut","Combretaceae","Combretum","fruticosum","liana","Combretum fruticosum","Combretum fruticosum","Combretum fruticosum"
"154","Combsp","Combretaceae","Combretum","sp","liana","Combretum sp","Combretum sp","Combretum"
"155","Connrube","Connaraceae","Connarus","ruber","treelet","Connarus ruber","Connarus ruber","Connarus ruber"
"156","Connvene","Connaraceae","Connarus","venezuelanus","tree","Connarus venezuelanus","Connarus venezuelanus","Connarus venezuelanus"
"157","Cordalba","Boraginaceae","Cordia","alba","tree","Cordia alba","Cordia alba","Cordia alba"
"158","Cordalli","Boraginaceae","Cordia","alliodora","tree","Cordia alliodora","Cordia alliodora","Cordia alliodora"
"159","Cordbico","Boraginaceae","Cordia","bicolor","tree","Cordia bicolor","Cordia bicolor","Cordia bicolor"
"160","Cordgera","Boraginaceae","Cordia","gerascanthus","tree","Cordia gerascanthus","Cordia gerascanthus","Cordia gerascanthus"
"161","Cordmacu","Boraginaceae","Cordia","macuirensis","tree","Cordia macuirensis","Cordia macuirensis","Cordia macuirensis"
"162","Cordmyrc","Rubiaceae","Cordiera","myrciifolia","treelet","Cordiera myrciifolia","Cordiera myrciifolia","Cordiera myrciifolia"
"163","Cordpana","Boraginaceae","Cordia","panamensis","tree","Cordia panamensis","Cordia panamensis","Cordia panamensis"
"164","Cordsp","Boraginaceae","Cordia","sp","tree","Cordia sp","Cordia sp","Cordia"
"165","Costcomo","Costaceae","Costus","comosus","forb","Costus comosus","Costus comosus","Costus comosus"
"166","Courferr","Fabaceae","Coursetia","ferruginea","tree","Coursetia ferruginea","Coursetia ferruginea","Coursetia ferruginea"
"167","Couspani","Rubiaceae","Coussarea","paniculata","treelet","Coussarea paniculata","Coussarea paniculata","Coussarea paniculata"
"168","Couthexa","Rubiaceae","Coutarea","hexandra","treelet","Coutarea hexandra","Coutarea hexandra","Coutarea hexandra"
"169","Coutsp","Rubiaceae","Coutarea","sp","treelet","Coutarea sp","Coutarea sp","Coutarea"
"170","Crattapi","Capparaceae","Crateva","tapia","treelet","Crateva tapia","Crateva tapia","Crateva tapia"
"171","Crotgoss","Euphorbiaceae","Croton","gossypiifolius","tree","Croton gossypiifolius","Croton gossypiifolius","Croton gossypiifolius"
"172","Crotmega","Euphorbiaceae","Croton","megalodendron","tree","Croton megalodendron","Croton megalodendron","Croton megalodendron"
"173","Crotnive","Euphorbiaceae","Croton","niveus","tree","Croton niveus","Croton niveus","Croton niveus"
"174","Crotpunc","Euphorbiaceae","Croton","punctatus","shrub","Croton punctatus","Croton punctatus","Croton punctatus"
"175","Crotrham","Euphorbiaceae","Croton","rhamnifolius","treelet","Croton rhamnifolius","Croton rhamnifolius","Croton rhamnifolius"
"176","Crotschi","Euphorbiaceae","Croton","schiedeanus","treelet","Croton schiedeanus","Croton schiedeanus","Croton schiedeanus"
"177","Crotsp","Euphorbiaceae","Croton","sp","tree","Croton sp","Croton sp","Croton"
"178","Cupaamer","Sapindaceae","Cupania","americana","tree","Cupania americana","Cupania americana","Cupania americana"
"179","Cupacine","Sapindaceae","Cupania","cinerea","tree","Cupania cinerea","Cupania cinerea","Cupania cinerea"
"180","Cupalati","Sapindaceae","Cupania","latifolia","tree","Cupania latifolia","Cupania latifolia","Cupania latifolia"
"181","Cupasp1","Sapindaceae","Cupania","sp1","tree","Cupania sp1","Cupania sp","Cupania"
"182","Cynoampl","Capparaceae","Cynophalla","amplissima","tree","Cynophalla amplissima","Cynophalla amplissima","Cynophalla amplissima"
"183","Cynoflex","Capparaceae","Cynophalla","flexuosa","tree","Cynophalla flexuosa","Cynophalla flexuosa","Cynophalla flexuosa"
"184","Cynohast","Capparaceae","Cynophalla","hastata","tree","Cynophalla hastata","Cynophalla hastata","Cynophalla hastata"
"185","Cynoline","Capparaceae","Cynophalla","linearis","tree","Cynophalla linearis","Cynophalla linearis","Cynophalla linearis"
"186","Cynopoly","Capparaceae","Cynophalla","polyantha","tree","Cynophalla polyantha","Cynophalla polyantha","Cynophalla polyantha"
"187","Cynoverr","Capparaceae","Cynophalla","verrucosa","tree","Cynophalla verrucosa","Cynophalla verrucosa","Cynophalla verrucosa"
"188","Daphsp","Thymelaeaceae","Daphnopsis","sp","tree","Daphnopsis sp","Daphnopsis sp","Daphnopsis"
"189","Dendarbo","Araliaceae","Dendropanax","arboreus","tree","Dendropanax arboreus","Dendropanax arboreus","Dendropanax arboreus"
"190","Dilocost","Sapindaceae","Dilodendron","costaricense","tree","Dilodendron costaricense","Dilodendron costaricense","Dilodendron costaricense"
"191","Diloeleg","Sapindaceae","Dilodendron","elegans","tree","Dilodendron elegans","Dilodendron elegans","Dilodendron elegans"
"192","Dimestro","Costaceae","Dimerocostus","strobilaceus","forb","Dimerocostus strobilaceus","Dimerocostus strobilaceus","Dimerocostus strobilaceus"
"193","Diocsp1","Fabaceae","Dioclea","sp1","liana","Dioclea sp1","Dioclea sp","Dioclea"
"194","Diossp1","Ebenaceae","Diospyros","sp1","tree","Diospyros sp1","Diospyros sp","Diospyros"
"195","Diossp2","Ebenaceae","Diospyros","sp2","tree","Diospyros sp2","Diospyros sp","Diospyros"
"196","Discsp","Stemonuraceae","Discophora","sp","tree","Discophora sp","Discophora sp","Discophora"
"197","Doliungu","Bignoniaceae","Dolichandra","unguis-cati","liana","Dolichandra unguis-cati","Dolichandra unguis-cati","Dolichandra unguis-cati"
"198","Duguluci","Annonaceae","Duguetia","lucida","tree","Duguetia lucida","Duguetia lucida","Duguetia lucida"
"199","Duguodor","Annonaceae","Duguetia","odorata","tree","Duguetia odorata","Duguetia odorata","Duguetia odorata"
"200","Elaesp","Sapotaceae","Elaeoluma","sp","tree","Elaeoluma sp","Elaeoluma sp","Elaeoluma"
"201","Endlsp","Lauraceae","Endlicheria","sp","tree","Endlicheria sp","Endlicheria sp","Endlicheria"
"202","Entecycl","Fabaceae","Enterolobium","cyclocarpum","tree","Enterolobium cyclocarpum","Enterolobium cyclocarpum","Enterolobium cyclocarpum"
"203","Entescho","Fabaceae","Enterolobium","schomburgkii","tree","Enterolobium schomburgkii","Enterolobium schomburgkii","Enterolobium schomburgkii"
"204","Entesp1","Fabaceae","Enterolobium","sp1","tree","Enterolobium sp1","Enterolobium sp","Enterolobium"
"205","Erytcitr","Erythroxylaceae","Erythroxylum","citrifolium","treelet","Erythroxylum citrifolium","Erythroxylum citrifolium","Erythroxylum citrifolium"
"206","Erytcoca","Erythroxylaceae","Erythroxylum","coca","treelet","Erythroxylum coca","Erythroxylum coca","Erythroxylum coca"
"207","Erytgrac","Erythroxylaceae","Erythroxylum","gracilipes","shrub","Erythroxylum gracilipes","Erythroxylum gracilipes","Erythroxylum gracilipes"
"208","Erythond","Erythroxylaceae","Erythroxylum","hondense","shrub","Erythroxylum hondense","Erythroxylum hondense","Erythroxylum hondense"
"209","Erytjaim","Erythroxylaceae","Erythroxylum","jaimei","treelet","Erythroxylum jaimei","Erythroxylum jaimei","Erythroxylum jaimei"
"210","Erytmacr","Erythroxylaceae","Erythroxylum","macrophyllum","tree","Erythroxylum macrophyllum","Erythroxylum macrophyllum","Erythroxylum macrophyllum"
"211","Erytpoep","Fabaceae","Erythrina","poeppigiana","tree","Erythrina poeppigiana","Erythrina poeppigiana","Erythrina poeppigiana"
"212","Erytulei","Erythroxylaceae","Erythroxylum","ulei","treelet","Erythroxylum ulei","Erythroxylum ulei","Erythroxylum ulei"
"213","Erytvelu","Fabaceae","Erythrina","velutina","tree","Erythrina velutina","Erythrina velutina","Erythrina velutina"
"214","Eschsp","Lecythidaceae","Eschweilera","sp","tree","Eschweilera sp","Eschweilera sp","Eschweilera"
"215","Eschtenu","Lecythidaceae","Eschweilera","tenuifolia","tree","Eschweilera tenuifolia","Eschweilera tenuifolia","Eschweilera tenuifolia"
"216","Esenalat","Rutaceae","Esenbeckia","alata","tree","Esenbeckia alata","Esenbeckia alata","Esenbeckia alata"
"217","Esenpent","Rutaceae","Esenbeckia","pentaphylla","tree","Esenbeckia pentaphylla","Esenbeckia pentaphylla","Esenbeckia pentaphylla"
"218","Eugebifl","Myrtaceae","Eugenia","biflora","treelet","Eugenia biflora","Eugenia biflora","Eugenia biflora"
"219","Eugeflor","Myrtaceae","Eugenia","florida","tree","Eugenia florida","Eugenia florida","Eugenia florida"
"220","Eugemont","Myrtaceae","Eugenia","monticola","tree","Eugenia monticola","Eugenia monticola","Eugenia monticola"
"221","Eugeproc","Myrtaceae","Eugenia","procera","tree","Eugenia procera","Eugenia procera","Eugenia procera"
"222","Eugesp","Myrtaceae","Eugenia","sp","tree","Eugenia sp","Eugenia sp","Eugenia"
"223","Eugesp1","Myrtaceae","Eugenia","sp1","tree","Eugenia sp1","Eugenia sp","Eugenia"
"224","Eugesp2","Myrtaceae","Eugenia","sp2","tree","Eugenia sp2","Eugenia sp","Eugenia"
"225","Eugesp3","Myrtaceae","Eugenia","sp3","tree","Eugenia sp3","Eugenia sp","Eugenia"
"226","Eugesp4","Myrtaceae","Eugenia","sp4","tree","Eugenia sp4","Eugenia sp","Eugenia"
"227","Eugesp5","Myrtaceae","Eugenia","sp5","treelet","Eugenia sp5","Eugenia sp","Eugenia"
"228","Eugevene","Myrtaceae","Eugenia","venezuelensis","shrub","Eugenia venezuelensis","Eugenia venezuelensis","Eugenia venezuelensis"
"229","Euphcoti","Euphorbiaceae","Euphorbia","cotinifolia","treelet","Euphorbia cotinifolia","Euphorbia cotinifolia","Euphorbia cotinifolia"
"230","Ficuamer","Moraceae","Ficus","americana","tree","Ficus americana","Ficus americana","Ficus americana"
"231","Ficuobtu","Moraceae","Ficus","obtusifolia","tree","Ficus obtusifolia","Ficus obtusifolia","Ficus obtusifolia"
"232","Ficusp","Moraceae","Ficus","sp","tree","Ficus sp","Ficus sp","Ficus"
"233","Ficutrig","Moraceae","Ficus","trigona","tree","Ficus trigona","Ficus trigona","Ficus trigona"
"234","Ficuzarz","Moraceae","Ficus","zarzalensis","tree","Ficus zarzalensis","Ficus zarzalensis","Ficus zarzalensis"
"235","Forsaffi","Apocynaceae","Forsteronia","affinis","liana","Forsteronia affinis","Forsteronia affinis","Forsteronia affinis"
"236","Forssp1","Apocynaceae","Forsteronia","sp1","liana","Forsteronia sp1","Forsteronia sp","Forsteronia"
"237","Forsspic","Apocynaceae","Forsteronia","spicata","liana","Forsteronia spicata","Forsteronia spicata","Forsteronia spicata"
"238","Fridmoll","Bignoniaceae","Fridericia","mollissima","liana","Fridericia mollissima","Fridericia mollissima","Fridericia mollissima"
"239","Fridpube","Bignoniaceae","Fridericia","pubescens","liana","Fridericia pubescens","Fridericia pubescens","Fridericia pubescens"
"240","Fridsp","Bignoniaceae","Fridericia","sp","liana","Fridericia sp","Fridericia sp","Fridericia"
"241","Galisp","Rutaceae","Galipea","sp","tree","Galipea sp","Galipea sp","Galipea"
"242","Garcinte","Clusiaceae","Garcinia","intermedia","tree","Garcinia intermedia","Garcinia intermedia","Garcinia intermedia"
"243","Garcmadr","Clusiaceae","Garcinia","madruno","tree","Garcinia madruno","Garcinia madruno","Garcinia madruno"
"244","Geniamer","Rubiaceae","Genipa","americana","tree","Genipa americana","Genipa americana","Genipa americana"
"245","Glirsepi","Fabaceae","Gliricidia","sepium","tree","Gliricidia sepium","Gliricidia sepium","Gliricidia sepium"
"246","Godmaesc","Bignoniaceae","Godmania","aesculifolia","tree","Godmania aesculifolia","Godmania aesculifolia","Godmania aesculifolia"
"247","Grafrotu","Melastomataceae","Graffenrieda","rotundifolia","shrub","Graffenrieda rotundifolia","Graffenrieda rotundifolia","Graffenrieda rotundifolia"
"248","Guapcost","Nyctaginaceae","Guapira","costaricana","tree","Guapira costaricana","Guapira costaricana","Guapira costaricana"
"249","Guappube","Nyctaginaceae","Guapira","pubescens","tree","Guapira pubescens","Guapira pubescens","Guapira pubescens"
"250","Guapsp","Nyctaginaceae","Guapira","sp","tree","Guapira sp","Guapira sp","Guapira"
"251","Guapsp1","Nyctaginaceae","Guapira","sp1","treelet","Guapira sp1","Guapira sp","Guapira"
"252","Guapuber","Nyctaginaceae","Guapira","uberrima","tree","Guapira uberrima","Guapira uberrima","Guapira uberrima"
"253","Guarglab","Meliaceae","Guarea","glabra","tree","Guarea glabra","Guarea glabra","Guarea glabra"
"254","Guarguid","Meliaceae","Guarea","guidonia","tree","Guarea guidonia","Guarea guidonia","Guarea guidonia"
"255","Guarsp1","Meliaceae","Guarea","sp1","tree","Guarea sp1","Guarea sp","Guarea"
"256","Guatmete","Annonaceae","Guatteria","metensis","tree","Guatteria metensis","Guatteria metensis","Guatteria metensis"
"257","Guatpilo","Annonaceae","Guatteria","pilosula","tree","Guatteria pilosula","Guatteria pilosula","Guatteria pilosula"
"258","Guazulmi","Malvaceae","Guazuma","ulmifolia","tree","Guazuma ulmifolia","Guazuma ulmifolia","Guazuma ulmifolia"
"259","Guetcoma","Rubiaceae","Guettarda","comata","tree","Guettarda comata","Guettarda comata","Guettarda comata"
"260","Guetroup","Rubiaceae","Guettarda","roupalifolia","tree","Guettarda roupalifolia","Guettarda roupalifolia","Guettarda roupalifolia"
"261","Gustaugu","Lecythidaceae","Gustavia","augusta","tree","Gustavia augusta","Gustavia augusta","Gustavia augusta"
"262","Gusthexa","Lecythidaceae","Gustavia","hexapetala","tree","Gustavia hexapetala","Gustavia hexapetala","Gustavia hexapetala"
"263","Gustsp","Lecythidaceae","Gustavia","sp","tree","Gustavia sp","Gustavia sp","Gustavia"
"264","Gustsupe","Lecythidaceae","Gustavia","superba","tree","Gustavia superba","Gustavia superba","Gustavia superba"
"265","Gyroamer","Hernandiaceae","Gyrocarpus","americanus","tree","Gyrocarpus americanus","Gyrocarpus americanus","Gyrocarpus americanus"
"266","Haembras","Fabaceae","Haematoxylum","brasiletto","treelet","Haematoxylum brasiletto","Haematoxylum brasiletto","Haematoxylum brasiletto"
"267","Hampthes","Malvaceae","Hampea","thespesioides","tree","Hampea thespesioides","Hampea thespesioides","Hampea thespesioides"
"268","Handbarb","Bignoniaceae","Handroanthus","barbatus","tree","Handroanthus barbatus","Handroanthus barbatus","Handroanthus barbatus"
"269","Handbill","Bignoniaceae","Handroanthus","billbergii","tree","Handroanthus billbergii","Handroanthus billbergii","Handroanthus billbergii"
"270","Handchry","Bignoniaceae","Handroanthus","chrysanthus","tree","Handroanthus chrysanthus","Handroanthus chrysanthus","Handroanthus chrysanthus"
"271","Handochr","Bignoniaceae","Handroanthus","ochraceus","tree","Handroanthus ochraceus","Handroanthus ochraceus","Handroanthus ochraceus"
"272","Heisacum","Olacaceae","Heisteria","acuminata","tree","Heisteria acuminata","Heisteria acuminata","Heisteria acuminata"
"273","Heissp","Olacaceae","Heisteria","sp","tree","Heisteria sp","Heisteria sp","Heisteria"
"274","Helispru","Moraceae","Helianthostylis","sprucei","tree","Helianthostylis sprucei","Helianthostylis sprucei","Helianthostylis sprucei"
"275","Herrlaci","Malvaceae","Herrania","laciniifolia","shrub","Herrania laciniifolia","Herrania laciniifolia","Herrania laciniifolia"
"276","Himaarti","Apocynaceae","Himatanthus","articulatus","tree","Himatanthus articulatus","Himatanthus articulatus","Himatanthus articulatus"
"277","Hippsp","Celastraceae","Hippocratea","sp","liana","Hippocratea sp","Hippocratea sp","Hippocratea"
"278","Hippvolu","Celastraceae","Hippocratea","volubilis","liana","Hippocratea volubilis","Hippocratea volubilis","Hippocratea volubilis"
"279","Hirarecl","Malpighiaceae","Hiraea","reclinata","shrub","Hiraea reclinata","Hiraea reclinata","Hiraea reclinata"
"280","Hirasp","Malpighiaceae","Hiraea","sp","liana","Hiraea sp","Hiraea sp","Hiraea"
"281","Hirtamer","Chrysobalanaceae","Hirtella","americana","tree","Hirtella americana","Hirtella americana","Hirtella americana"
"282","Hirtrace","Chrysobalanaceae","Hirtella","racemosa","tree","Hirtella racemosa","Hirtella racemosa","Hirtella racemosa"
"283","Humbarbo","Fabaceae","Humboldtiella","arborea","tree","Humboldtiella arborea","Humboldtiella arborea","Humboldtiella arborea"
"284","Huracrep","Euphorbiaceae","Hura","crepitans","tree","Hura crepitans","Hura crepitans","Hura crepitans"
"285","Hymecour","Fabaceae","Hymenaea","courbaril","tree","Hymenaea courbaril","Hymenaea courbaril","Hymenaea courbaril"
"286","Ingafast","Fabaceae","Inga","fastuosa","tree","Inga fastuosa","Inga fastuosa","Inga fastuosa"
"287","Ingagrac","Fabaceae","Inga","gracilifolia","tree","Inga gracilifolia","Inga gracilifolia","Inga gracilifolia"
"288","Ingalaur","Fabaceae","Inga","laurina","tree","Inga laurina","Inga laurina","Inga laurina"
"289","Ingaleio","Fabaceae","Inga","leiocalycina","tree","Inga leiocalycina","Inga leiocalycina","Inga leiocalycina"
"290","Ingamarg","Fabaceae","Inga","marginata","tree","Inga marginata","Inga marginata","Inga marginata"
"291","Ingaoers","Fabaceae","Inga","oerstediana","tree","Inga oerstediana","Inga oerstediana","Inga oerstediana"
"292","Ingaseto","Fabaceae","Inga","setosa","tree","Inga setosa","Inga setosa","Inga setosa"
"293","Ingasp","Fabaceae","Inga","sp","tree","Inga sp","Inga sp","Inga"
"294","Ingasp1","Fabaceae","Inga","sp1","tree","Inga sp1","Inga sp","Inga"
"295","Ingasp2","Fabaceae","Inga","sp2","tree","Inga sp2","Inga sp","Inga"
"296","Ingasp3","Fabaceae","Inga","sp3","tree","Inga sp3","Inga sp","Inga"
"297","Ingasp4","Fabaceae","Inga","sp4","tree","Inga sp4","Inga sp","Inga"
"298","Ingasp6","Fabaceae","Inga","sp6","tree","Inga sp6","Inga sp","Inga"
"299","Ingavera","Fabaceae","Inga","vera","tree","Inga vera","Inga vera","Inga vera"
"300","Ipomcarn","Convolvulaceae","Ipomoea","carnea","liana","Ipomoea carnea","Ipomoea carnea","Ipomoea carnea"
"301","Ipomsp","Convolvulaceae","Ipomoea","sp","liana","Ipomoea sp","Ipomoea sp","Ipomoea"
"302","Iressp","Amaranthaceae","Iresine","sp","liana","Iresine sp","Iresine sp","Iresine"
"303","Ixorsp","Rubiaceae","Ixora","sp","tree","Ixora sp","Ixora sp","Ixora"
"304","Jacacauc","Bignoniaceae","Jacaranda","caucana","tree","Jacaranda caucana","Jacaranda caucana","Jacaranda caucana"
"305","Jacaobtu","Bignoniaceae","Jacaranda","obtusifolia","tree","Jacaranda obtusifolia","Jacaranda obtusifolia","Jacaranda obtusifolia"
"306","Jacqarmi","Primulaceae","Jacquinia","armillaris","shrub","Jacquinia armillaris","Jacquinia armillaris","Jacquinia armillaris"
"307","Jacqfrut","Primulaceae","Jacquinia","frutescens","shrub","Jacquinia frutescens","Jacquinia frutescens","Jacquinia frutescens"
"308","Jatrgoss","Euphorbiaceae","Jatropha","gossypiifolia","shrub","Jatropha gossypiifolia","Jatropha gossypiifolia","Jatropha gossypiifolia"
"309","Laciaggr","Lacistemataceae","Lacistema","aggregatum","tree","Lacistema aggregatum","Lacistema aggregatum","Lacistema aggregatum"
"310","Ladesp","Rubiaceae","Ladenbergia","sp","tree","Ladenbergia sp","Ladenbergia sp","Ladenbergia"
"311","Laetsp","Salicaceae","Laetia","sp","tree","Laetia sp","Laetia sp","Laetia"
"312","Lantcama","Verbenaceae","Lantana","camara","forb","Lantana camara","Lantana camara","Lantana camara"
"313","Lecychar","Lecythidaceae","Lecythis","chartacea","tree","Lecythis chartacea","Lecythis chartacea","Lecythis chartacea"
"314","Lecymino","Lecythidaceae","Lecythis","minor","tree","Lecythis minor","Lecythis minor","Lecythis minor"
"315","Leonsp1","Violaceae","Leonia","sp1","tree","Leonia sp1","Leonia sp","Leonia"
"316","Leucleuc","Fabaceae","Leucaena","leucocephala","tree","Leucaena leucocephala","Leucaena leucocephala","Leucaena leucocephala"
"317","Licaapet","Chrysobalanaceae","Licania","apetala","tree","Licania apetala","Licania apetala","Licania apetala"
"318","Licaappl","Lauraceae","Licaria","applanata","tree","Licaria applanata","Licaria applanata","Licaria applanata"
"319","Licaguia","Lauraceae","Licaria","guianensis","tree","Licaria guianensis","Licaria guianensis","Licaria guianensis"
"320","Licamicr","Chrysobalanaceae","Licania","micrantha","tree","Licania micrantha","Licania micrantha","Licania micrantha"
"321","Licaparv","Chrysobalanaceae","Licania","parvifructa","tree","Licania parvifructa","Licania parvifructa","Licania parvifructa"
"322","Licasp","Chrysobalanaceae","Licania","sp","tree","Licania sp","Licania sp","Licania"
"323","Licasp1","Chrysobalanaceae","Licania","sp1","tree","Licania sp1","Licania sp","Licania"
"324","Licasp2","Chrysobalanaceae","Licania","sp2","tree","Licania sp2","Licania sp","Licania"
"325","Lindpalu","Achariaceae","Lindackeria","paludosa","tree","Lindackeria paludosa","Lindackeria paludosa","Lindackeria paludosa"
"326","Lipporig","Verbenaceae","Lippia","origanoides","tree","Lippia origanoides","Lippia origanoides","Lippia origanoides"
"327","Loncmacr","Fabaceae","Lonchocarpus","macrophyllus","tree","Lonchocarpus macrophyllus","Lonchocarpus macrophyllus","Lonchocarpus macrophyllus"
"328","Loncpict","Fabaceae","Lonchocarpus","pictus","tree","Lonchocarpus pictus","Lonchocarpus pictus","Lonchocarpus pictus"
"329","Loncsanc","Fabaceae","Lonchocarpus","sanctae-marthae","tree","Lonchocarpus sanctae-marthae","Lonchocarpus sanctae-marthae","Lonchocarpus sanctae-marthae"
"330","Loncviol","Fabaceae","Lonchocarpus","violaceus","tree","Lonchocarpus violaceus","Lonchocarpus violaceus","Lonchocarpus violaceus"
"331","Luehseem","Malvaceae","Luehea","seemannii","tree","Luehea seemannii","Luehea seemannii","Luehea seemannii"
"332","Luetandi","Fabaceae","Luetzelburgia","andina","tree","Luetzelburgia andina","Luetzelburgia andina","Luetzelburgia andina"
"333","Lycisp","Solanaceae","Lycianthes","sp","shrub","Lycianthes sp","Lycianthes sp","Lycianthes"
"334","Lycomexi","Asteraceae","Lycoseris","mexicana","liana","Lycoseris mexicana","Lycoseris mexicana","Lycoseris mexicana"
"335","Mabeniti","Euphorbiaceae","Mabea","nitida","tree","Mabea nitida","Mabea nitida","Mabea nitida"
"336","Mabetria","Euphorbiaceae","Mabea","trianae","tree","Mabea trianae","Mabea trianae","Mabea trianae"
"337","Macharbo","Fabaceae","Machaerium","arboreum","tree","Machaerium arboreum","Machaerium arboreum","Machaerium arboreum"
"338","Machbiov","Fabaceae","Machaerium","biovulatum","tree","Machaerium biovulatum","Machaerium biovulatum","Machaerium biovulatum"
"339","Machcapo","Fabaceae","Machaerium","capote","tree","Machaerium capote","Machaerium capote","Machaerium capote"
"340","Machkege","Fabaceae","Machaerium","kegelii","liana","Machaerium kegelii","Machaerium kegelii","Machaerium kegelii"
"341","Machmicr","Fabaceae","Machaerium","microphyllum","liana","Machaerium microphyllum","Machaerium microphyllum","Machaerium microphyllum"
"342","Machmuti","Fabaceae","Machaerium","mutisii","liana","Machaerium mutisii","Machaerium mutisii","Machaerium mutisii"
"343","Machsp","Fabaceae","Machaerium","sp","liana","Machaerium sp","Machaerium sp","Machaerium"
"344","Machsp1","Fabaceae","Machaerium","sp1","tree","Machaerium sp1","Machaerium sp","Machaerium"
"345","Machsp2","Fabaceae","Machaerium","sp2","liana","Machaerium sp2","Machaerium sp","Machaerium"
"346","Machsp3","Fabaceae","Machaerium","sp3","liana","Machaerium sp3","Machaerium sp","Machaerium"
"347","Machsp6","Fabaceae","Machaerium","sp6","tree","Machaerium sp6","Machaerium sp","Machaerium"
"348","Macltinc","Moraceae","Maclura","tinctoria","tree","Maclura tinctoria","Maclura tinctoria","Maclura tinctoria"
"349","Malmsp","Annonaceae","Malmea","sp","tree","Malmea sp","Malmea sp","Malmea"
"350","Malpglab","Malpighiaceae","Malpighia","glabra","tree","Malpighia glabra","Malpighia glabra","Malpighia glabra"
"351","Mandsp","Apocynaceae","Mandevilla","sp","liana","Mandevilla sp","Mandevilla sp","Mandevilla"
"352","Mangindi","Anacardiaceae","Mangifera","indica","tree","Mangifera indica","Mangifera indica","Mangifera indica"
"353","Manicart","Euphorbiaceae","Manihot","carthaginensis","tree","Manihot carthaginensis","Manihot carthaginensis","Manihot carthaginensis"
"354","Manisp","Sapotaceae","Manilkara","sp","tree","Manilkara sp","Manilkara sp","Manilkara"
"355","Maprguia","Euphorbiaceae","Maprounea","guianensis","tree","Maprounea guianensis","Maprounea guianensis","Maprounea guianensis"
"356","Margnobi","Phyllanthaceae","Margaritaria","nobilis","treelet","Margaritaria nobilis","Margaritaria nobilis","Margaritaria nobilis"
"357","Marssp","Apocynaceae","Marsdenia","sp","liana","Marsdenia sp","Marsdenia sp","Marsdenia"
"358","Matapurg","Sapindaceae","Matayba","purgans","tree","Matayba purgans","Matayba purgans","Matayba purgans"
"359","Matasp","Sapindaceae","Matayba","sp","tree","Matayba sp","Matayba sp","Matayba"
"360","Matasp1","Sapindaceae","Matayba","sp1","tree","Matayba sp1","Matayba sp","Matayba"
"361","Mayngran","Achariaceae","Mayna","grandifolia","tree","Mayna grandifolia","Mayna grandifolia","Mayna grandifolia"
"362","Maynodor","Achariaceae","Mayna","odorata","tree","Mayna odorata","Mayna odorata","Mayna odorata"
"363","Melibiju","Sapindaceae","Melicoccus","bijugatus","tree","Melicoccus bijugatus","Melicoccus bijugatus","Melicoccus bijugatus"
"364","Melioliv","Sapindaceae","Melicoccus","oliviformis","tree","Melicoccus oliviformis","Melicoccus oliviformis","Melicoccus oliviformis"
"365","Mendtova","Acanthaceae","Mendoncia","tovarensis","liana","Mendoncia tovarensis","Mendoncia tovarensis","Mendoncia tovarensis"
"366","Micoelat","Melastomataceae","Miconia","elata","tree","Miconia elata","Miconia elata","Miconia elata"
"367","Micomult","Melastomataceae","Miconia","multispicata","tree","Miconia multispicata","Miconia multispicata","Miconia multispicata"
"368","Micosp1","Melastomataceae","Miconia","sp1","shrub","Miconia sp1","Miconia sp","Miconia"
"369","Micosple","Melastomataceae","Miconia","splendens","shrub","Miconia splendens","Miconia splendens","Miconia splendens"
"370","Morfsp1","Myrtaceae","Morf","sp1","shrub","Morf sp1","Morf sp",NA
"371","Morfsp10","Primulaceae","Morf","sp10","shrub","Morf sp10","Morf sp",NA
"372","Morfsp11","Rubiaceae","Morf","sp11","liana","Morf sp11","Morf sp",NA
"373","Morfsp12","Indet","Morf","sp12","liana","Morf sp12","Morf sp",NA
"374","Morfsp13","Bignoniaceae","Morf","sp13","tree","Morf sp13","Morf sp",NA
"375","Morfsp14","Indet","Morf","sp14","tree","Morf sp14","Morf sp",NA
"376","Morfsp15","Indet","Morf","sp15","liana","Morf sp15","Morf sp",NA
"377","Morfsp16","Indet","Morf","sp16","liana","Morf sp16","Morf sp",NA
"378","Morfsp17","Rubiaceae","Morf","sp17","tree","Morf sp17","Morf sp",NA
"379","Morfsp18","Indet","Morf","sp18","liana","Morf sp18","Morf sp",NA
"380","Morfsp2","Myrtaceae","Morf","sp2","tree","Morf sp2","Morf sp",NA
"381","Morfsp3","Myrtaceae","Morf","sp3","tree","Morf sp3","Morf sp",NA
"382","Morfsp31","Salicaceae","Morf","sp31","treelet","Morf sp31","Morf sp",NA
"383","Morfsp36","Bignoniaceae","Morf","sp36","liana","Morf sp36","Morf sp",NA
"384","Morfsp38","Capparaceae","Morf","sp38","liana","Morf sp38","Morf sp",NA
"385","Morfsp4","Indet","Morf","sp4","tree","Morf sp4","Morf sp",NA
"386","Morfsp40","Indet","Morf","sp40","liana","Morf sp40","Morf sp",NA
"387","Morfsp41","Apocynaceae","Morf","sp41","liana","Morf sp41","Morf sp",NA
"388","Morfsp47","Rubiaceae","Morf","sp47","tree","Morf sp47","Morf sp",NA
"389","Morfsp49","Rubiaceae","Morf","sp49","liana","Morf sp49","Morf sp",NA
"390","Morfsp5","Amaranthaceae","Morf","sp5","forb","Morf sp5","Morf sp",NA
"391","Morfsp6","Indet","Morf","sp6","treelet","Morf sp6","Morf sp",NA
"392","Morfsp7","Fabaceae","Morf","sp7","liana","Morf sp7","Morf sp",NA
"393","Morfsp8","Menispermaceae","Morf","sp8","liana","Morf sp8","Morf sp",NA
"394","Morfsp9","Malpighiaceae","Morf","sp9","liana","Morf sp9","Morf sp",NA
"395","Moriamer","Capparaceae","Morisonia","americana","tree","Morisonia americana","Morisonia americana","Morisonia americana"
"396","Morisp2","Capparaceae","Morisonia","sp2","treelet","Morisonia sp2","Morisonia sp","Morisonia"
"397","Muelbroa","Fabaceae","Muellera","broadwayi","tree","Muellera broadwayi","Muellera broadwayi","Muellera broadwayi"
"398","Myrcfall","Myrtaceae","Myrcia","fallax","tree","Myrcia fallax","Myrcia fallax","Myrcia fallax"
"399","Myrcsp1","Myrtaceae","Myrcia","sp1","tree","Myrcia sp1","Myrcia sp","Myrcia"
"400","Myrcsp2","Myrtaceae","Myrcia","sp2","tree","Myrcia sp2","Myrcia sp","Myrcia"
"401","Myrcsple","Myrtaceae","Myrcia","splendens","treelet","Myrcia splendens","Myrcia splendens","Myrcia splendens"
"402","Myrcsylv","Myrtaceae","Myrcia","sylvatica","tree","Myrcia sylvatica","Myrcia sylvatica","Myrcia sylvatica"
"403","Myristip","Urticaceae","Myriocarpa","stipitata","tree","Myriocarpa stipitata","Myriocarpa stipitata","Myriocarpa stipitata"
"404","Myrofrut","Fabaceae","Myrospermum","frutescens","tree","Myrospermum frutescens","Myrospermum frutescens","Myrospermum frutescens"
"405","Myrsguia","Primulaceae","Myrsine","guianensis","tree","Myrsine guianensis","Myrsine guianensis","Myrsine guianensis"
"406","Myrssp1","Primulaceae","Myrsine","sp1","treelet","Myrsine sp1","Myrsine sp","Myrsine"
"407","Nectcusp","Lauraceae","Nectandra","cuspidata","tree","Nectandra cuspidata","Nectandra cuspidata","Nectandra cuspidata"
"408","Nectsp","Lauraceae","Nectandra","sp","tree","Nectandra sp","Nectandra sp","Nectandra"
"409","Neeaigni","Nyctaginaceae","Neea","ignicola","tree","Neea ignicola","Neea ignicola","Neea ignicola"
"410","Neeamacr","Nyctaginaceae","Neea","macrophylla","tree","Neea macrophylla","Neea macrophylla","Neea macrophylla"
"411","Neeasp","Nyctaginaceae","Neea","sp","tree","Neea sp","Neea sp","Neea"
"412","Neeasp1","Nyctaginaceae","Neea","sp1","tree","Neea sp1","Neea sp","Neea"
"413","Neeasp2","Nyctaginaceae","Neea","sp2","tree","Neea sp2","Neea sp","Neea"
"414","Ochrpyra","Malvaceae","Ochroma","pyramidale","tree","Ochroma pyramidale","Ochroma pyramidale","Ochroma pyramidale"
"415","Ocotbofo","Lauraceae","Ocotea","bofo","tree","Ocotea bofo","Ocotea bofo","Ocotea bofo"
"416","Ocotpube","Lauraceae","Ocotea","puberula","tree","Ocotea puberula","Ocotea puberula","Ocotea puberula"
"417","Ocotscho","Lauraceae","Ocotea","schomburgkiana","tree","Ocotea schomburgkiana","Ocotea schomburgkiana","Ocotea schomburgkiana"
"418","Ocotvera","Lauraceae","Ocotea","veraguensis","tree","Ocotea veraguensis","Ocotea veraguensis","Ocotea veraguensis"
"419","Omphdian","Euphorbiaceae","Omphalea","diandra","liana","Omphalea diandra","Omphalea diandra","Omphalea diandra"
"420","Onosonos","Asteraceae","Onoseris","onoseroides","shrub","Onoseris onoseroides","Onoseris onoseroides","Onoseris onoseroides"
"421","Opunsp","Cactaceae","Opuntia","sp","cactus","Opuntia sp","Opuntia sp","Opuntia"
"422","Ourapoly","Ochnaceae","Ouratea","polyantha","tree","Ouratea polyantha","Ouratea polyantha","Ouratea polyantha"
"423","Ourasp","Ochnaceae","Ouratea","sp","tree","Ouratea sp","Ouratea sp","Ouratea"
"424","Oxanespi","Annonaceae","Oxandra","espintana","tree","Oxandra espintana","Oxandra espintana","Oxandra espintana"
"425","Oxansp","Annonaceae","Oxandra","sp","tree","Oxandra sp","Oxandra sp","Oxandra"
"426","Pachnuka","Malvaceae","Pachira","nukakica","tree","Pachira nukakica","Pachira nukakica","Pachira nukakica"
"427","Pachquin","Malvaceae","Pachira","quinata","tree","Pachira quinata","Pachira quinata","Pachira quinata"
"428","Palirigi","Rubiaceae","Palicourea","rigida","shrub","Palicourea rigida","Palicourea rigida","Palicourea rigida"
"429","Palisp","Rubiaceae","Palicourea","sp","shrub","Palicourea sp","Palicourea sp","Palicourea"
"430","Paulalat","Sapindaceae","Paullinia","alata","liana","Paullinia alata","Paullinia alata","Paullinia alata"
"431","Paulcapr","Sapindaceae","Paullinia","capreolata","liana","Paullinia capreolata","Paullinia capreolata","Paullinia capreolata"
"432","Paulcuru","Sapindaceae","Paullinia","cururu","liana","Paullinia cururu","Paullinia cururu","Paullinia cururu"
"433","Paulglob","Sapindaceae","Paullinia","globosa","liana","Paullinia globosa","Paullinia globosa","Paullinia globosa"
"434","Paulsp","Sapindaceae","Paullinia","sp","liana","Paullinia sp","Paullinia sp","Paullinia"
"435","Paulsp2","Sapindaceae","Paullinia","sp2","liana","Paullinia sp2","Paullinia sp","Paullinia"
"436","Peltpurp","Fabaceae","Peltogyne","purpurea","tree","Peltogyne purpurea","Peltogyne purpurea","Peltogyne purpurea"
"437","Peltsp","Fabaceae","Peltogyne","sp","tree","Peltogyne sp","Peltogyne sp","Peltogyne"
"438","Peraglab","Euphorbiaceae","Pera","glabrata","tree","Pera glabrata","Pera glabrata","Pera glabrata"
"439","Pereguam","Cactaceae","Pereskia","guamacho","treelet","Pereskia guamacho","Pereskia guamacho","Pereskia guamacho"
"440","Petrpube","Verbenaceae","Petrea","pubescens","tree","Petrea pubescens","Petrea pubescens","Petrea pubescens"
"441","Petrsp","Verbenaceae","Petrea","sp","tree","Petrea sp","Petrea sp","Petrea"
"442","Phanguia","Fabaceae","Phanera","guianensis","liana","Phanera guianensis","Phanera guianensis","Phanera guianensis"
"443","Phrysp1","Bignoniaceae","Phryganocydia","sp1","liana","Phryganocydia sp1","Phryganocydia sp","Phryganocydia"
"444","Phylatte","Phyllanthaceae","Phyllanthus","attenuatus","tree","Phyllanthus attenuatus","Phyllanthus attenuatus","Phyllanthus attenuatus"
"445","Phylbotr","Phyllanthaceae","Phyllanthus","botryanthus","shrub","Phyllanthus botryanthus","Phyllanthus botryanthus","Phyllanthus botryanthus"
"446","Phylrham","Ulmaceae","Phyllostylon","rhamnoides","tree","Phyllostylon rhamnoides","Phyllostylon rhamnoides","Phyllostylon rhamnoides"
"447","Picrgrac","Picramniaceae","Picramnia","gracilis","shrub","Picramnia gracilis","Picramnia gracilis","Picramnia gracilis"
"448","Pilolanu","Cactaceae","Pilosocereus","lanuginosus","cactus","Pilosocereus lanuginosus","Pilosocereus lanuginosus","Pilosocereus lanuginosus"
"449","Pipeamal","Piperaceae","Piper","amalago","shrub","Piper amalago","Piper amalago","Piper amalago"
"450","Pipearbo","Piperaceae","Piper","arboreum","shrub","Piper arboreum","Piper arboreum","Piper arboreum"
"451","Pipesp6","Piperaceae","Piper","sp6","treelet","Piper sp6","Piper sp","Piper"
"452","Piptdisc","Asteraceae","Piptocoma","discolor","tree","Piptocoma discolor","Piptocoma discolor","Piptocoma discolor"
"453","Piptflav","Fabaceae","Piptadenia","flava","treelet","Piptadenia flava","Piptadenia flava","Piptadenia flava"
"454","Piptsp","Fabaceae","Piptadenia","sp","tree","Piptadenia sp","Piptadenia sp","Piptadenia"
"455","Pisoacul","Nyctaginaceae","Pisonia","aculeata","liana","Pisonia aculeata","Pisonia aculeata","Pisonia aculeata"
"456","Pithdulc","Fabaceae","Pithecellobium","dulce","tree","Pithecellobium dulce","Pithecellobium dulce","Pithecellobium dulce"
"457","Pithlanc","Fabaceae","Pithecellobium","lanceolatum","tree","Pithecellobium lanceolatum","Pithecellobium lanceolatum","Pithecellobium lanceolatum"
"458","Pithrose","Fabaceae","Pithecellobium","roseum","tree","Pithecellobium roseum","Pithecellobium roseum","Pithecellobium roseum"
"459","Pithsp2","Fabaceae","Pithecellobium","sp2","treelet","Pithecellobium sp2","Pithecellobium sp","Pithecellobium"
"460","Pitttric","Rubiaceae","Pittoniotis","trichantha","tree","Pittoniotis trichantha","Pittoniotis trichantha","Pittoniotis trichantha"
"461","Platpinn","Fabaceae","Platymiscium","pinnatum","tree","Platymiscium pinnatum","Platymiscium pinnatum","Platymiscium pinnatum"
"462","Plumpudi","Apocynaceae","Plumeria","pudica","tree","Plumeria pudica","Plumeria pudica","Plumeria pudica"
"463","Poutplic","Sapotaceae","Pouteria","plicata","tree","Pouteria plicata","Pouteria plicata","Pouteria plicata"
"464","Poutsp1","Sapotaceae","Pouteria","sp1","tree","Pouteria sp1","Pouteria sp","Pouteria"
"465","Poutsp3","Sapotaceae","Pouteria","sp3","tree","Pouteria sp3","Pouteria sp","Pouteria"
"466","Poutsp4","Sapotaceae","Pouteria","sp4","tree","Pouteria sp4","Pouteria sp","Pouteria"
"467","Poutsp7","Sapotaceae","Pouteria","sp7","tree","Pouteria sp7","Pouteria sp","Pouteria"
"468","Poutsp8","Sapotaceae","Pouteria","sp8","tree","Pouteria sp8","Pouteria sp","Pouteria"
"469","Poutveno","Sapotaceae","Pouteria","venosa","tree","Pouteria venosa","Pouteria venosa","Pouteria venosa"
"470","Pradcolo","Sapotaceae","Pradosia","colombiana","tree","Pradosia colombiana","Pradosia colombiana","Pradosia colombiana"
"471","Pressp","Apocynaceae","Prestonia","sp","liana","Prestonia sp","Prestonia sp","Prestonia"
"472","Prestrif","Apocynaceae","Prestonia","trifida","liana","Prestonia trifida","Prestonia trifida","Prestonia trifida"
"473","Prioaspe","Celastraceae","Prionostemma","aspera","liana","Prionostemma aspera","Prionostemma aspera","Prionostemma aspera"
"474","Prosjuli","Fabaceae","Prosopis","juliflora","treelet","Prosopis juliflora","Prosopis juliflora","Prosopis juliflora"
"475","Protguia","Burseraceae","Protium","guianense","tree","Protium guianense","Protium guianense","Protium guianense"
"476","Prothept","Burseraceae","Protium","heptaphyllum","tree","Protium heptaphyllum","Protium heptaphyllum","Protium heptaphyllum"
"477","Prottenu","Burseraceae","Protium","tenuifolium","tree","Protium tenuifolium","Protium tenuifolium","Protium tenuifolium"
"478","Pseuguac","Fabaceae","Pseudosamanea","guachapele","tree","Pseudosamanea guachapele","Pseudosamanea guachapele","Pseudosamanea guachapele"
"479","Pseusept","Malvaceae","Pseudobombax","septenatum","tree","Pseudobombax septenatum","Pseudobombax septenatum","Pseudobombax septenatum"
"480","Pseusp","Annonaceae","Pseudomalmea","sp","tree","Pseudomalmea sp","Pseudomalmea sp","Pseudomalmea"
"481","Pseusp1","Moraceae","Pseudolmedia","sp1","tree","Pseudolmedia sp1","Pseudolmedia sp","Pseudolmedia"
"482","Pseuumbe","Myrtaceae","Pseudanamomis","umbellulifera","shrub","Pseudanamomis umbellulifera","Pseudanamomis umbellulifera","Pseudanamomis umbellulifera"
"483","Psidguin","Myrtaceae","Psidium","guineense","treelet","Psidium guineense","Psidium guineense","Psidium guineense"
"484","Psycmicr","Rubiaceae","Psychotria","micrantha","shrub","Psychotria micrantha","Psychotria micrantha","Psychotria micrantha"
"485","Psycsp","Rubiaceae","Psychotria","sp","shrub","Psychotria sp","Psychotria sp","Psychotria"
"486","Pteroffi","Fabaceae","Pterocarpus","officinalis","tree","Pterocarpus officinalis","Pterocarpus officinalis","Pterocarpus officinalis"
"487","Pterrohr","Fabaceae","Pterocarpus","rohrii","tree","Pterocarpus rohrii","Pterocarpus rohrii","Pterocarpus rohrii"
"488","Ptersp","Fabaceae","Pterocarpus","sp","tree","Pterocarpus sp","Pterocarpus sp","Pterocarpus"
"489","Ptersp4","Fabaceae","Pterocarpus","sp4","tree","Pterocarpus sp4","Pterocarpus sp","Pterocarpus"
"490","Puerphas","Fabaceae","Pueraria","phaseoloides","liana","Pueraria phaseoloides","Pueraria phaseoloides","Pueraria phaseoloides"
"491","Quadindi","Capparaceae","Quadrella","indica","tree","Quadrella indica","Quadrella indica","Quadrella indica"
"492","Quadodor","Capparaceae","Quadrella","odoratissima","tree","Quadrella odoratissima","Quadrella odoratissima","Quadrella odoratissima"
"493","Randacul","Rubiaceae","Randia","aculeata","tree","Randia aculeata","Randia aculeata","Randia aculeata"
"494","Randarma","Rubiaceae","Randia","armata","tree","Randia armata","Randia armata","Randia armata"
"495","Randdioi","Rubiaceae","Randia","dioica","tree","Randia dioica","Randia dioica","Randia dioica"
"496","Randobco","Rubiaceae","Randia","obcordata","treelet","Randia obcordata","Randia obcordata","Randia obcordata"
"497","Randpubi","Rubiaceae","Randia","pubistyla","treelet","Randia pubistyla","Randia pubistyla","Randia pubistyla"
"498","Rinopubi","Violaceae","Rinorea","pubiflora","shrub","Rinorea pubiflora","Rinorea pubiflora","Rinorea pubiflora"
"499","Rinosp1","Violaceae","Rinorea","sp1","tree","Rinorea sp1","Rinorea sp","Rinorea"
"500","Rollmuco","Annonaceae","Rollinia","mucosa","tree","Rollinia mucosa","Rollinia mucosa","Rollinia mucosa"
"501","Rosechry","Bignoniaceae","Roseodendron","chryseum","tree","Roseodendron chryseum","Roseodendron chryseum","Roseodendron chryseum"
"502","Rudgcras","Rubiaceae","Rudgea","crassiloba","tree","Rudgea crassiloba","Rudgea crassiloba","Rudgea crassiloba"
"503","Rudghost","Rubiaceae","Rudgea","hostmanniana","treelet","Rudgea hostmanniana","Rudgea hostmanniana","Rudgea hostmanniana"
"504","Rudgsp","Rubiaceae","Rudgea","sp","shrub","Rudgea sp","Rudgea sp","Rudgea"
"505","Ruprrami","Polygonaceae","Ruprechtia","ramiflora","tree","Ruprechtia ramiflora","Ruprechtia ramiflora","Ruprechtia ramiflora"
"506","Ruprsp1","Polygonaceae","Ruprechtia","sp1","tree","Ruprechtia sp1","Ruprechtia sp","Ruprechtia"
"507","Sageeleg","Rhamnaceae","Sageretia","elegans","liana","Sageretia elegans","Sageretia elegans","Sageretia elegans"
"508","Salasp","Celastraceae","Salacia","sp","liana","Salacia sp","Salacia sp","Salacia"
"509","Sapiglan","Euphorbiaceae","Sapium","glandulosum","tree","Sapium glandulosum","Sapium glandulosum","Sapium glandulosum"
"510","Sapisapo","Sapindaceae","Sapindus","saponaria","tree","Sapindus saponaria","Sapindus saponaria","Sapindus saponaria"
"511","Schafrut","Celastraceae","Schaefferia","frutescens","shrub","Schaefferia frutescens","Schaefferia frutescens","Schaefferia frutescens"
"512","Schemoro","Araliaceae","Schefflera","morototoni","tree","Schefflera morototoni","Schefflera morototoni","Schefflera morototoni"
"513","Secusp","Polygalaceae","Securidaca","sp","tree","Securidaca sp","Securidaca sp","Securidaca"
"514","Secusp2","Polygalaceae","Securidaca","sp2","shrub","Securidaca sp2","Securidaca sp","Securidaca"
"515","Seguamer","Petiveriaceae","Seguieria","americana","liana","Seguieria americana","Seguieria americana","Seguieria americana"
"516","Senegaum","Fabaceae","Senegalia","gaumeri","tree","Senegalia gaumeri","Senegalia gaumeri","Senegalia gaumeri"
"517","Senehaye","Fabaceae","Senegalia","hayesii","shrub","Senegalia hayesii","Senegalia hayesii","Senegalia hayesii"
"518","Senemacb","Fabaceae","Senegalia","macbridei","liana","Senegalia macbridei","Senegalia macbridei","Senegalia macbridei"
"519","Senesp","Fabaceae","Senegalia","sp","tree","Senegalia sp","Senegalia sp","Senegalia"
"520","Senesp1","Fabaceae","Senegalia","sp1","tree","Senegalia sp1","Senegalia sp","Senegalia"
"521","Senesp2","Fabaceae","Senegalia","sp2","treelet","Senegalia sp2","Senegalia sp","Senegalia"
"522","Senetama","Fabaceae","Senegalia","tamarindifolia","tree","Senegalia tamarindifolia","Senegalia tamarindifolia","Senegalia tamarindifolia"
"523","Sennatom","Fabaceae","Senna","atomaria","tree","Senna atomaria","Senna atomaria","Senna atomaria"
"524","Sennbaci","Fabaceae","Senna","bacillaris","shrub","Senna bacillaris","Senna bacillaris","Senna bacillaris"
"525","Sennpall","Fabaceae","Senna","pallida","treelet","Senna pallida","Senna pallida","Senna pallida"
"526","Sennsp1","Fabaceae","Senna","sp1","tree","Senna sp1","Senna sp","Senna"
"527","Sennsp2","Fabaceae","Senna","sp2","treelet","Senna sp2","Senna sp","Senna"
"528","Sennspec","Fabaceae","Senna","spectabilis","tree","Senna spectabilis","Senna spectabilis","Senna spectabilis"
"529","Serjadus","Sapindaceae","Serjania","adusta","liana","Serjania adusta","Serjania adusta","Serjania adusta"
"530","Serjsp1","Sapindaceae","Serjania","sp1","liana","Serjania sp1","Serjania sp","Serjania"
"531","Sideobtu","Sapotaceae","Sideroxylon","obtusifolium","treelet","Sideroxylon obtusifolium","Sideroxylon obtusifolium","Sideroxylon obtusifolium"
"532","Simicord","Rubiaceae","Simira","cordifolia","tree","Simira cordifolia","Simira cordifolia","Simira cordifolia"
"533","Simiklug","Rubiaceae","Simira","klugei","tree","Simira klugei","Simira klugei","Simira klugei"
"534","Simirube","Rubiaceae","Simira","rubescens","tree","Simira rubescens","Simira rubescens","Simira rubescens"
"535","Sipaguia","Siparunaceae","Siparuna","guianensis","tree","Siparuna guianensis","Siparuna guianensis","Siparuna guianensis"
"536","Smilsp","Smilacaceae","Smilax","sp","liana","Smilax sp","Smilax sp","Smilax"
"537","Solaaspe","Solanaceae","Solanum","asperum","shrub","Solanum asperum","Solanum asperum","Solanum asperum"
"538","Solalepi","Solanaceae","Solanum","lepidotum","shrub","Solanum lepidotum","Solanum lepidotum","Solanum lepidotum"
"539","Solaschl","Solanaceae","Solanum","schlechtendalianum","shrub","Solanum schlechtendalianum","Solanum schlechtendalianum","Solanum schlechtendalianum"
"540","Solasp","Solanaceae","Solanum","sp","shrub","Solanum sp","Solanum sp","Solanum"
"541","Soromuri","Moraceae","Sorocea","muriculata","tree","Sorocea muriculata","Sorocea muriculata","Sorocea muriculata"
"542","Sorosp","Moraceae","Sorocea","sp","tree","Sorocea sp","Sorocea sp","Sorocea"
"543","Sorospru","Moraceae","Sorocea","sprucei","tree","Sorocea sprucei","Sorocea sprucei","Sorocea sprucei"
"544","Sorotrop","Moraceae","Sorocea","trophoides","tree","Sorocea trophoides","Sorocea trophoides","Sorocea trophoides"
"545","Spatsp","Rutaceae","Spathelia","sp","tree","Spathelia sp","Spathelia sp","Spathelia"
"546","Sponmomb","Anacardiaceae","Spondias","mombin","tree","Spondias mombin","Spondias mombin","Spondias mombin"
"547","Sponradl","Anacardiaceae","Spondias","radlkoferi","tree","Spondias radlkoferi","Spondias radlkoferi","Spondias radlkoferi"
"548","Stengris","Cactaceae","Stenocereus","griseus","cactus","Stenocereus griseus","Stenocereus griseus","Stenocereus griseus"
"549","Stenhumi","Cactaceae","Stenocereus","humilis","cactus","Stenocereus humilis","Stenocereus humilis","Stenocereus humilis"
"550","Strypana","Loganiaceae","Strychnos","panamensis","liana","Strychnos panamensis","Strychnos panamensis","Strychnos panamensis"
"551","Stylturb","Primulaceae","Stylogyne","turbacensis","tree","Stylogyne turbacensis","Stylogyne turbacensis","Stylogyne turbacensis"
"552","Stypspor","Fabaceae","Styphnolobium","sporadicum","tree","Styphnolobium sporadicum","Styphnolobium sporadicum","Styphnolobium sporadicum"
"553","Swarpitt","Fabaceae","Swartzia","pittieri","tree","Swartzia pittieri","Swartzia pittieri","Swartzia pittieri"
"554","Swarrobi","Fabaceae","Swartzia","robiniifolia","treelet","Swartzia robiniifolia","Swartzia robiniifolia","Swartzia robiniifolia"
"555","Swarsimp","Fabaceae","Swartzia","simplex","tree","Swartzia simplex","Swartzia simplex","Swartzia simplex"
"556","Swarsp1","Fabaceae","Swartzia","sp1","treelet","Swartzia sp1","Swartzia sp","Swartzia"
"557","Swartria","Fabaceae","Swartzia","trianae","tree","Swartzia trianae","Swartzia trianae","Swartzia trianae"
"558","Syagsanc","Arecaceae","Syagrus","sancona","palm","Syagrus sancona","Syagrus sancona","Syagrus sancona"
"559","Tabeamyg","Apocynaceae","Tabernaemontana","amygdalifolia","tree","Tabernaemontana amygdalifolia","Tabernaemontana amygdalifolia","Tabernaemontana amygdalifolia"
"560","Tabegran","Apocynaceae","Tabernaemontana","grandiflora","tree","Tabernaemontana grandiflora","Tabernaemontana grandiflora","Tabernaemontana grandiflora"
"561","Tabemark","Apocynaceae","Tabernaemontana","markgrafiana","treelet","Tabernaemontana markgrafiana","Tabernaemontana markgrafiana","Tabernaemontana markgrafiana"
"562","Taberose","Bignoniaceae","Tabebuia","rosea","tree","Tabebuia rosea","Tabebuia rosea","Tabebuia rosea"
"563","Tabesp1","Apocynaceae","Tabernaemontana","sp1","tree","Tabernaemontana sp1","Tabernaemontana sp","Tabernaemontana"
"564","Tachguia","Fabaceae","Tachigali","guianensis","tree","Tachigali guianensis","Tachigali guianensis","Tachigali guianensis"
"565","Tanatetr","Bignoniaceae","Tanaecium","tetragonolobum","liana","Tanaecium tetragonolobum","Tanaecium tetragonolobum","Tanaecium tetragonolobum"
"566","Tapiguia","Anacardiaceae","Tapirira","guianensis","tree","Tapirira guianensis","Tapirira guianensis","Tapirira guianensis"
"567","Termamaz","Combretaceae","Terminalia","amazonia","tree","Terminalia amazonia","Terminalia amazonia","Terminalia amazonia"
"568","Termoblo","Combretaceae","Terminalia","oblonga","tree","Terminalia oblonga","Terminalia oblonga","Terminalia oblonga"
"569","Tetrpana","Burseraceae","Tetragastris","panamensis","tree","Tetragastris panamensis","Tetragastris panamensis","Tetragastris panamensis"
"570","Tocoguia","Melastomataceae","Tococa","guianensis","shrub","Tococa guianensis","Tococa guianensis","Tococa guianensis"
"571","Tratlawr","Burseraceae","Trattinnickia","lawrancei","tree","Trattinnickia lawrancei","Trattinnickia lawrancei","Trattinnickia lawrancei"
"572","Tricacum","Meliaceae","Trichilia","acuminata","tree","Trichilia acuminata","Trichilia acuminata","Trichilia acuminata"
"573","Triccari","Meliaceae","Trichilia","carinata","tree","Trichilia carinata","Trichilia carinata","Trichilia carinata"
"574","Triceleg","Meliaceae","Trichilia","elegans","tree","Trichilia elegans","Trichilia elegans","Trichilia elegans"
"575","Trichirt","Meliaceae","Trichilia","hirta","tree","Trichilia hirta","Trichilia hirta","Trichilia hirta"
"576","Tricmart","Meliaceae","Trichilia","martiana","tree","Trichilia martiana","Trichilia martiana","Trichilia martiana"
"577","Tricocta","Phytolaccaceae","Trichostigma","octandrum","liana","Trichostigma octandrum","Trichostigma octandrum","Trichostigma octandrum"
"578","Tricolig","Meliaceae","Trichilia","oligofoliolata","tree","Trichilia oligofoliolata","Trichilia oligofoliolata","Trichilia oligofoliolata"
"579","Tricpall","Meliaceae","Trichilia","pallida","tree","Trichilia pallida","Trichilia pallida","Trichilia pallida"
"580","Tripamer","Polygonaceae","Triplaris","americana","tree","Triplaris americana","Triplaris americana","Triplaris americana"
"581","Tripmela","Polygonaceae","Triplaris","melaenodendron","tree","Triplaris melaenodendron","Triplaris melaenodendron","Triplaris melaenodendron"
"582","Tripsp","Polygonaceae","Triplaris","sp","tree","Triplaris sp","Triplaris sp","Triplaris"
"583","Troprace","Moraceae","Trophis","racemosa","tree","Trophis racemosa","Trophis racemosa","Trophis racemosa"
"584","Urerbacc","Urticaceae","Urera","baccifera","shrub","Urera baccifera","Urera baccifera","Urera baccifera"
"585","Urercara","Urticaceae","Urera","caracasana","tree","Urera caracasana","Urera caracasana","Urera caracasana"
"586","Urersimp","Urticaceae","Urera","simplex","tree","Urera simplex","Urera simplex","Urera simplex"
"587","Vachcoll","Fabaceae","Vachellia","collinsii","tree","Vachellia collinsii","Vachellia collinsii","Vachellia collinsii"
"588","Vachfarn","Fabaceae","Vachellia","farnesiana","treelet","Vachellia farnesiana","Vachellia farnesiana","Vachellia farnesiana"
"589","Vachmacr","Fabaceae","Vachellia","macracantha","treelet","Vachellia macracantha","Vachellia macracantha","Vachellia macracantha"
"590","Vachpenn","Fabaceae","Vachellia","pennatula","tree","Vachellia pennatula","Vachellia pennatula","Vachellia pennatula"
"591","Vachsp","Fabaceae","Vachellia","sp","tree","Vachellia sp","Vachellia sp","Vachellia"
"592","Vachtort","Fabaceae","Vachellia","tortuosa","treelet","Vachellia tortuosa","Vachellia tortuosa","Vachellia tortuosa"
"593","Vascsp","Caricaceae","Vasconcellea","sp","treelet","Vasconcellea sp","Vasconcellea sp","Vasconcellea"
"594","Verbsp","Asteraceae","Verbesina","sp","tree","Verbesina sp","Verbesina sp","Verbesina"
"595","Vernpate","Asteraceae","Vernonanthura","patens","forb","Vernonanthura patens","Vernonanthura patens","Vernonanthura patens"
"596","Vigncara","Fabaceae","Vigna","caracalla","liana","Vigna caracalla","Vigna caracalla","Vigna caracalla"
"597","Vismguia","Hypericaceae","Vismia","guianensis","tree","Vismia guianensis","Vismia guianensis","Vismia guianensis"
"598","Vismmacr","Hypericaceae","Vismia","macrophylla","tree","Vismia macrophylla","Vismia macrophylla","Vismia macrophylla"
"599","Vitecomp","Lamiaceae","Vitex","compressa","tree","Vitex compressa","Vitex compressa","Vitex compressa"
"600","Viteorin","Lamiaceae","Vitex","orinocensis","tree","Vitex orinocensis","Vitex orinocensis","Vitex orinocensis"
"601","Vitesp","Lamiaceae","Vitex","sp","treelet","Vitex sp","Vitex sp","Vitex"
"602","Vochlehm","Vochysiaceae","Vochysia","lehmannii","tree","Vochysia lehmannii","Vochysia lehmannii","Vochysia lehmannii"
"603","Vochvism","Vochysiaceae","Vochysia","vismiifolia","tree","Vochysia vismiifolia","Vochysia vismiifolia","Vochysia vismiifolia"
"604","Warscocc","Rubiaceae","Warszewiczia","coccinea","treelet","Warszewiczia coccinea","Warszewiczia coccinea","Warszewiczia coccinea"
"605","Xyloarom","Annonaceae","Xylopia","aromatica","tree","Xylopia aromatica","Xylopia aromatica","Xylopia aromatica"
"606","Xylointe","Salicaceae","Xylosma","intermedia","treelet","Xylosma intermedia","Xylosma intermedia","Xylosma intermedia"
"607","Xyloseem","Bignoniaceae","Xylophragma","seemannianum","liana","Xylophragma seemannianum","Xylophragma seemannianum","Xylophragma seemannianum"
"608","Zantfaga","Rutaceae","Zanthoxylum","fagara","treelet","Zanthoxylum fagara","Zanthoxylum fagara","Zanthoxylum fagara"
"609","Zantlent","Rutaceae","Zanthoxylum","lenticulare","tree","Zanthoxylum lenticulare","Zanthoxylum lenticulare","Zanthoxylum lenticulare"
"610","Zantrhoi","Rutaceae","Zanthoxylum","rhoifolium","tree","Zanthoxylum rhoifolium","Zanthoxylum rhoifolium","Zanthoxylum rhoifolium"
"611","Zantrigi","Rutaceae","Zanthoxylum","rigidum","tree","Zanthoxylum rigidum","Zanthoxylum rigidum","Zanthoxylum rigidum"
"612","Zantschr","Rutaceae","Zanthoxylum","schreberi","tree","Zanthoxylum schreberi","Zanthoxylum schreberi","Zanthoxylum schreberi"
"613","Zantsp2","Rutaceae","Zanthoxylum","sp2","tree","Zanthoxylum sp2","Zanthoxylum sp","Zanthoxylum"
"614","Zantsp4","Rutaceae","Zanthoxylum","sp4","tree","Zanthoxylum sp4","Zanthoxylum sp","Zanthoxylum"
"615","Zantverr","Rutaceae","Zanthoxylum","verrucosum","tree","Zanthoxylum verrucosum","Zanthoxylum verrucosum","Zanthoxylum verrucosum"
"616","Zizisaer","Rhamnaceae","Ziziphus","saeri","treelet","Ziziphus saeri","Ziziphus saeri","Ziziphus saeri"
"617","Zizistry","Rhamnaceae","Ziziphus","strychnifolia","tree","Ziziphus strychnifolia","Ziziphus strychnifolia","Ziziphus strychnifolia"
"618","Zygiinae","Fabaceae","Zygia","inaequalis","tree","Zygia inaequalis","Zygia inaequalis","Zygia inaequalis"
"619","Zygisp","Fabaceae","Zygia","sp","tree","Zygia sp","Zygia sp","Zygia"
